{
  "created_at": "2026-04-27T16:44:56.820479",
  "best_epoch": 40,
  "threshold": 0.463,
  "frozen_detector_file3_auc": 0.903018960704185,
  "frozen_detector_metrics_at_threshold": {
    "threshold": 0.463,
    "tp": 1282,
    "tn": 1723,
    "fp": 641,
    "fn": 103,
    "accuracy": 0.8015470792211257,
    "precision": 0.6666666666666666,
    "recall": 0.9256317689530686,
    "specificity": 0.7288494077834179,
    "f1": 0.7750906892382103
  },
  "train_metrics": {
    "loss": 0.01766679670243815,
    "gate_coverage": 0.912291169451074,
    "size_acc": 0.997016706443914,
    "size_top2": 1.0,
    "size_coarse_acc": 0.9988066825775657,
    "size_coarse_top2": 1.0,
    "size_mae_cm": 0.012428690679371357,
    "depth_acc": 0.9994033412887828,
    "depth_top2": 1.0,
    "deep_vs_rest_acc": 1.0,
    "deep_vs_rest_bal_acc": 1.0,
    "deep_vs_rest_auc": 1.0,
    "gated_n": 1529,
    "gated_size_acc": 0.9986919555264879,
    "gated_size_top2": 1.0,
    "gated_size_mae_cm": 0.011001446284353733,
    "gated_depth_acc": 0.999345977763244,
    "gated_depth_top2": 1.0
  },
  "val_metrics": {
    "loss": 6.079182690137054,
    "gate_coverage": 0.952054794520548,
    "size_acc": 0.6164383561643836,
    "size_top2": 0.8013698630136986,
    "size_coarse_acc": 0.839041095890411,
    "size_coarse_top2": 0.9315068493150684,
    "size_mae_cm": 0.15633739531040192,
    "depth_acc": 0.5102739726027398,
    "depth_top2": 0.8356164383561644,
    "deep_vs_rest_acc": 0.7226027397260274,
    "deep_vs_rest_bal_acc": 0.6601903251387787,
    "deep_vs_rest_auc": 0.6693629394660323,
    "gated_n": 278,
    "gated_size_acc": 0.6007194244604317,
    "gated_size_top2": 0.7913669064748201,
    "gated_size_mae_cm": 0.16138125956058502,
    "gated_depth_acc": 0.5251798561151079,
    "gated_depth_top2": 0.841726618705036
  },
  "test_positive_metrics": {
    "loss": 4.344964452254643,
    "gate_coverage": 0.9256317689530686,
    "size_acc": 0.7581227436823105,
    "size_top2": 0.9003610108303249,
    "size_coarse_acc": 0.8469314079422383,
    "size_coarse_top2": 0.9602888086642599,
    "size_mae_cm": 0.11090279370546341,
    "depth_acc": 0.6072202166064982,
    "depth_top2": 0.8490974729241877,
    "deep_vs_rest_acc": 0.7624548736462093,
    "deep_vs_rest_bal_acc": 0.6821801120088924,
    "deep_vs_rest_auc": 0.7460428156128427,
    "gated_n": 1282,
    "gated_size_acc": 0.7589703588143526,
    "gated_size_top2": 0.905616224648986,
    "gated_size_mae_cm": 0.10518517345190048,
    "gated_depth_acc": 0.609984399375975,
    "gated_depth_top2": 0.8517940717628705
  },
  "agreement_consistency": [
    {
      "comparison": "size_7class_coarse_vs_size_3bin",
      "n": 1385,
      "agreement": 0.940072202166065,
      "cohen_kappa": 0.9024906015037594
    },
    {
      "comparison": "size_reg_nearest_coarse_vs_size_3bin",
      "n": 1385,
      "agreement": 0.9097472924187726,
      "cohen_kappa": 0.8557280846273014
    },
    {
      "comparison": "depth_3class_deep_flag_vs_deep_binary",
      "n": 1385,
      "agreement": 0.9638989169675091,
      "cohen_kappa": 0.9029380681802255
    },
    {
      "comparison": "gated_size_7class_coarse_vs_size_3bin",
      "n": 1282,
      "agreement": 0.9375975039001561,
      "cohen_kappa": 0.9002875870879425
    },
    {
      "comparison": "gated_depth_3class_deep_flag_vs_deep_binary",
      "n": 1282,
      "agreement": 0.9641185647425897,
      "cohen_kappa": 0.9038218783535621
    }
  ],
  "outputs": {
    "confusion_size_7class": "C:\\Users\\SWH\\Desktop\\GitHub_Docs_Package\\latest_algorithm\\runs\\residual_tune_R5_hybrid_20260427\\confusion_size_7class.png",
    "confusion_size_3bin": "C:\\Users\\SWH\\Desktop\\GitHub_Docs_Package\\latest_algorithm\\runs\\residual_tune_R5_hybrid_20260427\\confusion_size_3bin.png",
    "confusion_depth_3class": "C:\\Users\\SWH\\Desktop\\GitHub_Docs_Package\\latest_algorithm\\runs\\residual_tune_R5_hybrid_20260427\\confusion_depth_3class.png",
    "confusion_deep_vs_rest": "C:\\Users\\SWH\\Desktop\\GitHub_Docs_Package\\latest_algorithm\\runs\\residual_tune_R5_hybrid_20260427\\confusion_deep_vs_rest.png",
    "roc_inversion_tasks": "C:\\Users\\SWH\\Desktop\\GitHub_Docs_Package\\latest_algorithm\\runs\\residual_tune_R5_hybrid_20260427\\roc_inversion_tasks.png",
    "roc_frozen_detector_file3": "C:\\Users\\SWH\\Desktop\\GitHub_Docs_Package\\latest_algorithm\\runs\\residual_tune_R5_hybrid_20260427\\roc_frozen_detector_file3.png",
    "cam_contact_sheet": "C:\\Users\\SWH\\Desktop\\GitHub_Docs_Package\\latest_algorithm\\runs\\residual_tune_R5_hybrid_20260427\\cam_residual_inversion_contact_sheet.png"
  },
  "config": {
    "run_dir": "results/frozen_detector",
    "output_dir": "results/r5",
    "seed": 20260427,
    "epochs": 90,
    "batch_size": 128,
    "lr": 0.0007,
    "weight_decay": 0.0008,
    "dropout": 0.28,
    "morph_dim": 64,
    "hidden_dim": 160,
    "size_reg_mode": "expected_residual",
    "size_residual_span": 0.35,
    "depth_conditioning": "size7_coarse",
    "gate_loss_alpha": 0.15,
    "gate_loss_min": 0.55,
    "selection_mode": "composite",
    "size_cls_weight": 0.9,
    "size_coarse_weight": 0.45,
    "size_reg_weight": 0.65,
    "depth_cls_weight": 1.05,
    "depth_binary_weight": 0.5,
    "patience": 16,
    "grad_clip": 1.0,
    "aug_noise_std": 0.012,
    "aug_scale_jitter": 0.08,
    "aug_frame_dropout": 0.02,
    "device": "cuda",
    "threshold": -1.0,
    "dry_run": false
  }
}
