{
  "created_at": "2026-04-26T22:32:18.489145",
  "best_epoch": 19,
  "best_epoch_record": {
    "epoch": 19,
    "lr": 5E-05,
    "train_loss": 0.9336007053113171,
    "val_loss": 0.7981041012285442,
    "val_auc": 0.8664959826132771,
    "val_ap": 0.5918845067286802,
    "val_f1": 0.6958698372966208,
    "val_precision": 0.5483234714003945,
    "val_recall": 0.952054794520548,
    "val_threshold": 0.463,
    "val_size_acc": 0.5684931506849316,
    "val_size_top2_acc": 0.7636986301369864,
    "val_size_mae_cm": 0.23035774124811773,
    "val_depth_acc": 0.14726027397260275
  },
  "train_auc": 0.8803359774003996,
  "train_ap": 0.7116257656265015,
  "val_auc": 0.8664959826132771,
  "val_ap": 0.5918845067286802,
  "test_auc": 0.903018960704185,
  "test_ap": 0.8417560995522256,
  "val_best_f1_threshold_metrics": {
    "threshold": 0.463,
    "tp": 278,
    "tn": 603,
    "fp": 229,
    "fn": 14,
    "accuracy": 0.7838078291814946,
    "precision": 0.5483234714003945,
    "recall": 0.952054794520548,
    "specificity": 0.7247596153846154,
    "f1": 0.6958698372966208
  },
  "val_high_sensitivity_threshold_metrics": {
    "threshold": 0.463,
    "tp": 278,
    "tn": 603,
    "fp": 229,
    "fn": 14,
    "accuracy": 0.7838078291814946,
    "precision": 0.5483234714003945,
    "recall": 0.952054794520548,
    "specificity": 0.7247596153846154,
    "f1": 0.6958698372966208
  },
  "test_metrics_at_val_best_f1_threshold": {
    "threshold": 0.463,
    "tp": 1282,
    "tn": 1723,
    "fp": 641,
    "fn": 103,
    "accuracy": 0.8015470792211257,
    "precision": 0.6666666666666666,
    "recall": 0.9256317689530686,
    "specificity": 0.7288494077834179,
    "f1": 0.7750906892382103
  },
  "test_metrics_at_val_high_sensitivity_threshold": {
    "threshold": 0.463,
    "tp": 1282,
    "tn": 1723,
    "fp": 641,
    "fn": 103,
    "accuracy": 0.8015470792211257,
    "precision": 0.6666666666666666,
    "recall": 0.9256317689530686,
    "specificity": 0.7288494077834179,
    "f1": 0.7750906892382103
  },
  "test_positive_count": 1385,
  "test_positive_size_cls_acc": 0.5935018050541516,
  "test_positive_size_top2_acc": 0.7732851985559567,
  "test_positive_size_reg_mae_cm": 0.18722470133743563,
  "test_positive_depth_acc": 0.33357400722021663,
  "config": {
    "seed": 20260426,
    "epochs": 70,
    "batch_size": 96,
    "lr": 0.0001,
    "weight_decay": 0.0012,
    "dropout": 0.3,
    "frame_feature_dim": 32,
    "temporal_channels": 48,
    "temporal_blocks": 2,
    "temporal_pooling": "mean",
    "hidden_dim": 96,
    "soft_loss_weight": 0.0,
    "size_cls_weight": 0.18,
    "size_reg_weight": 0.06,
    "depth_weight": 0.12,
    "pos_weight_scale": 0.75,
    "max_neg_pos_ratio": 2.5,
    "patience": 12,
    "grad_clip": 1.0,
    "aug_noise_std": 0.015,
    "aug_scale_jitter": 0.1,
    "aug_frame_dropout": 0.03,
    "num_workers": 0,
    "label_mode": "window_overlap_positive",
    "input_normalization": "window_minmax",
    "high_sensitivity_min_recall": 0.95,
    "device": "cuda",
    "dry_run": false,
    "file1_labels": "data/labels/manual_keyframe_labels_file1.json",
    "file2_labels": "data/labels/manual_keyframe_labels_file2.json",
    "file3_labels": "data/labels/manual_keyframe_labels_file3.json",
    "data_root": "data/raw",
    "output_dir": "results/frozen_detector"
  }
}
